leaf_id,n_samples,majority_class,majority_fraction
4,53,Missing,0.8113207547169812
5,12,Missing,0.5
1,7,Yes,0.5714285714285714
8,7,Missing,0.8571428571428571
7,5,No,1.0
